{"cameraMode":{"drawMode":0,"name":"Shaded","section":"Shading Mode"},"sceneLighting":false,"audioPlay":false,"sceneViewState":{"m_AlwaysRefresh":false,"showFog":true,"showSkybox":false,"showFlares":true,"showImageEffects":true,"showParticleSystems":true,"showVisualEffectGraphs":true,"m_FxEnabled":true},"in2DMode":false,"pivot":{"x":-0.21819013357162476,"y":1.453628420829773,"z":2.176762104034424},"rotation":{"x":0.03859418258070946,"y":-0.9613285660743713,"z":0.18627776205539704,"w":0.19917446374893189},"size":0.9656911492347717,"orthographic":false}