{"cameraMode":{"drawMode":0,"name":"Shaded","section":"Shading Mode"},"sceneLighting":false,"audioPlay":false,"sceneViewState":{"m_AlwaysRefresh":false,"showFog":true,"showSkybox":false,"showFlares":true,"showImageEffects":true,"showParticleSystems":true,"showVisualEffectGraphs":true,"m_FxEnabled":true},"in2DMode":false,"pivot":{"x":18.82723617553711,"y":0.5435886979103088,"z":19.64203453063965},"rotation":{"x":-0.022150443866848947,"y":0.9074766039848328,"z":-0.4167371392250061,"w":-0.048233821988105777},"size":1.8259977102279664,"orthographic":false}