{"cameraMode":{"drawMode":0,"name":"Shaded","section":"Shading Mode"},"sceneLighting":false,"audioPlay":false,"sceneViewState":{"m_AlwaysRefresh":false,"showFog":true,"showSkybox":false,"showFlares":true,"showImageEffects":true,"showParticleSystems":true,"showVisualEffectGraphs":true,"m_FxEnabled":true},"in2DMode":false,"pivot":{"x":-0.16100609302520753,"y":0.5897992849349976,"z":0.06974077224731446},"rotation":{"x":-0.10901454836130142,"y":0.8897160887718201,"z":-0.2872680127620697,"w":-0.3376360237598419},"size":1.4028757810592652,"orthographic":false}